{"n": 1.132647803718407, "p": -0.4702638234420764, "r": 0.4865700168759324, "q": 0.9999999997255684}