{"p": -0.4702638234420764, "q": 0.9999999997255684, "r": 0.4865700168759324}