{"n": 1.5337159865591636, "k": 0.01578253223539483}