{"n": 1.7070816542438667, "k": 0.021635725180785492}