{"p": -0.0423869219580828, "q": 0.19579573354579455, "r": 0.06686570042813272}