{"n": 1.4315118159871978, "p": -0.0423869219580828, "r": 0.06686570042813272, "q": 0.19579573354579455}