{"k1": 0.03640198193742594, "k21": 0.04026179934825702, "k22": 0.03039722258149502, "osm": 0.05131224626177877, "iudm": 0.06057625914057807}