{"k1": 0.036969220757105736, "k21": 0.04026179934825702, "k22": 0.0299953727504505, "osm": 0.04601783441049401, "iudm": 0.04309204707225289}