{"k1": 0.032473708623234065, "k21": 0.033031050333030665, "k22": 0.03039722258149502, "osm": 0.0452263569545337, "iudm": 0.042437371214132824}