{"n": 1.4038239352870372, "k": 0.011821204418406728}