{"n": 0.9930939178192795, "p": -0.5970808999523021, "r": 0.609296632003328, "q": 0.9999998883899328}