{"p": -0.5970808999523021, "q": 0.9999998883899328, "r": 0.609296632003328}