{"p": 0.07403253310039992, "q": 0.006318072528434637, "r": 0.017608662956334786}