{"p": -0.36991054845082044, "q": 0.7319318738870986, "r": 0.9000000000000001}